{
	"file_path": "C:\\Users\\rjayt\\AppData\\Local\\Packages\\Microsoft.MinecraftUWP_8wekyb3d8bbwe\\LocalState\\games\\com.mojang\\development_resource_packs\\Custom Block RP2\\textures\\terrain_texture.json",
	"file_type": "terrain_texture",
	"format_version": 1,
	"file_uuid": "eaf0c903_4cd7_4a79_8907_a0950b01f03f",
	"file_version": 0,
	"cache_content": {
		"children": [
			{
				"data": "bridgeRP",
				"key": "resource_pack_name"
			},
			{
				"data": "atlas.terrain",
				"key": "texture_name"
			},
			{
				"data": "8",
				"key": "padding"
			},
			{
				"data": "4",
				"key": "num_mip_levels"
			},
			{
				"open": {
					"resource_pack_name": "bridgeRP",
					"texture_name": "atlas.terrain",
					"padding": 8,
					"num_mip_levels": 4,
					"texture_data": {
						"custom": {
							"textures": [
								{
									"path": "textures/blocks/custom"
								}
							]
						}
					}
				},
				"key": "texture_data",
				"children": [
					{
						"open": {
							"custom": {
								"textures": [
									{
										"path": "textures/blocks/custom"
									}
								]
							}
						},
						"key": "custom",
						"children": [
							{
								"open": {
									"textures": [
										{
											"path": "textures/blocks/custom"
										}
									]
								},
								"key": "textures",
								"children": [
									{
										"open": [
											{
												"path": "textures/blocks/custom"
											}
										],
										"is_minified": true,
										"children": {
											"path": "textures/blocks/custom"
										}
									}
								]
							}
						]
					}
				]
			}
		]
	}
}