{
	"file_path": "C:\\Users\\rjayt\\AppData\\Local\\Packages\\Microsoft.MinecraftUWP_8wekyb3d8bbwe\\LocalState\\games\\com.mojang\\development_resource_packs\\customblock.boof.rp\\textures\\terrain_texture.json",
	"file_type": "terrain_texture",
	"format_version": 1,
	"file_uuid": "f2674d46_603f_4c66_835e_be5a73762c4d",
	"file_version": 3,
	"cache_content": {
		"children": [
			{
				"open": {
					"resource_pack_name": "bridgeRP",
					"texture_name": "atlas.terrain",
					"padding": 8,
					"num_mip_levels": 4,
					"texture_data": {
						"custom": {
							"textures": [
								{
									"path": "block/custom.png"
								}
							]
						}
					}
				},
				"data": "bridgeRP",
				"key": "resource_pack_name"
			},
			{
				"open": {
					"resource_pack_name": "bridgeRP",
					"texture_name": "atlas.terrain",
					"padding": 8,
					"num_mip_levels": 4,
					"texture_data": {
						"custom": {
							"textures": [
								{
									"path": "block/custom.png"
								}
							]
						}
					}
				},
				"data": "atlas.terrain",
				"key": "texture_name"
			},
			{
				"data": "8",
				"key": "padding"
			},
			{
				"data": "4",
				"key": "num_mip_levels"
			},
			{
				"open": {
					"resource_pack_name": "bridgeRP",
					"texture_name": "atlas.terrain",
					"padding": 8,
					"num_mip_levels": 4,
					"texture_data": {
						"custom": {
							"textures": [
								{
									"path": "block/custom.png"
								}
							]
						}
					}
				},
				"key": "texture_data",
				"children": [
					{
						"open": {
							"custom": {
								"textures": [
									{
										"path": "block/custom.png"
									}
								]
							}
						},
						"key": "custom",
						"children": [
							{
								"open": {
									"textures": [
										{
											"path": "block/custom.png"
										}
									]
								},
								"key": "textures",
								"children": [
									{
										"open": [
											{
												"path": "block/custom.png"
											}
										],
										"is_minified": true,
										"children": {
											"path": "block/custom.png"
										}
									}
								]
							}
						]
					}
				]
			}
		]
	}
}