{
	"file_path": "C:\\Users\\rjayt\\AppData\\Local\\Packages\\Microsoft.MinecraftUWP_8wekyb3d8bbwe\\LocalState\\games\\com.mojang\\development_behavior_packs\\Custom Block Boof\\blocks\\custom.json",
	"file_type": "block",
	"format_version": 1,
	"file_uuid": "7bbb20d0_ece7_4a5f_b503_c05fad9daeea",
	"file_version": 9,
	"cache_content": {
		"children": [
			{
				"data": "1.16.220",
				"key": "format_version"
			},
			{
				"open": {
					"format_version": "1.16.220",
					"minecraft:block": {
						"description": {
							"identifier": "spa:custom"
						},
						"components": {
							"minecraft:destroy_time": 4,
							"minecraft:explosion_resistance": 0.7,
							"minecraft:map_color": "#9BA4AC",
							"minecraft:entity_collision": {
								"origin": [
									-8,
									0,
									-8
								],
								"size": [
									16,
									16,
									16
								]
							},
							"minecraft:pick_collision": {
								"origin": [
									-8,
									0,
									-8
								],
								"size": [
									16,
									16,
									16
								]
							},
							"minecraft:block_light_emission": 0.8,
							"minecraft:material_instances": {
								"*": {
									"texture": "custom",
									"render_method": "opaque"
								}
							},
							"minecraft:geometry": "geometry.custom",
							"bridge:rotate_y_on_place": {
								"flip": true
							}
						}
					}
				},
				"key": "minecraft:block",
				"children": [
					{
						"open": {
							"description": {
								"identifier": "spa:custom"
							},
							"components": {
								"minecraft:destroy_time": 4,
								"minecraft:explosion_resistance": 0.7,
								"minecraft:map_color": "#9BA4AC",
								"minecraft:entity_collision": {
									"origin": [
										-8,
										0,
										-8
									],
									"size": [
										16,
										16,
										16
									]
								},
								"minecraft:pick_collision": {
									"origin": [
										-8,
										0,
										-8
									],
									"size": [
										16,
										16,
										16
									]
								},
								"minecraft:block_light_emission": 0.8,
								"minecraft:material_instances": {
									"*": {
										"texture": "custom",
										"render_method": "opaque"
									}
								},
								"minecraft:geometry": "geometry.custom",
								"bridge:rotate_y_on_place": {
									"flip": true
								}
							}
						},
						"key": "description",
						"is_minified": true,
						"children": {
							"identifier": "spa:custom"
						}
					},
					{
						"open": {
							"description": {
								"identifier": "spa:custom"
							},
							"components": {
								"minecraft:destroy_time": 4,
								"minecraft:explosion_resistance": 0.7,
								"minecraft:map_color": "#9BA4AC",
								"minecraft:entity_collision": {
									"origin": [
										-8,
										0,
										-8
									],
									"size": [
										16,
										16,
										16
									]
								},
								"minecraft:pick_collision": {
									"origin": [
										-8,
										0,
										-8
									],
									"size": [
										16,
										16,
										16
									]
								},
								"minecraft:block_light_emission": 0.8,
								"minecraft:material_instances": {
									"*": {
										"texture": "custom",
										"render_method": "opaque"
									}
								},
								"minecraft:geometry": "geometry.custom",
								"bridge:rotate_y_on_place": {
									"flip": true
								}
							}
						},
						"key": "components",
						"children": [
							{
								"data": "4",
								"key": "minecraft:destroy_time"
							},
							{
								"data": "0.7",
								"key": "minecraft:explosion_resistance"
							},
							{
								"data": "#9BA4AC",
								"key": "minecraft:map_color"
							},
							{
								"open": {
									"minecraft:destroy_time": 4,
									"minecraft:explosion_resistance": 0.7,
									"minecraft:map_color": "#9BA4AC",
									"minecraft:entity_collision": {
										"origin": [
											-8,
											0,
											-8
										],
										"size": [
											16,
											16,
											16
										]
									},
									"minecraft:pick_collision": {
										"origin": [
											-8,
											0,
											-8
										],
										"size": [
											16,
											16,
											16
										]
									},
									"minecraft:block_light_emission": 0.8,
									"minecraft:material_instances": {
										"*": {
											"texture": "custom",
											"render_method": "opaque"
										}
									},
									"minecraft:geometry": "geometry.custom",
									"bridge:rotate_y_on_place": {
										"flip": true
									}
								},
								"key": "minecraft:entity_collision",
								"children": [
									{
										"open": {
											"origin": [
												-8,
												0,
												-8
											],
											"size": [
												16,
												16,
												16
											]
										},
										"key": "origin",
										"is_minified": true,
										"children": [
											-8,
											0,
											-8
										]
									},
									{
										"open": {
											"origin": [
												-8,
												0,
												-8
											],
											"size": [
												16,
												16,
												16
											]
										},
										"key": "size",
										"is_minified": true,
										"children": [
											16,
											16,
											16
										]
									}
								]
							},
							{
								"open": {
									"minecraft:destroy_time": 4,
									"minecraft:explosion_resistance": 0.7,
									"minecraft:map_color": "#9BA4AC",
									"minecraft:entity_collision": {
										"origin": [
											-8,
											0,
											-8
										],
										"size": [
											16,
											16,
											16
										]
									},
									"minecraft:pick_collision": {
										"origin": [
											-8,
											0,
											-8
										],
										"size": [
											16,
											16,
											16
										]
									},
									"minecraft:block_light_emission": 0.8,
									"minecraft:material_instances": {
										"*": {
											"texture": "custom",
											"render_method": "opaque"
										}
									},
									"minecraft:geometry": "geometry.custom",
									"bridge:rotate_y_on_place": {
										"flip": true
									}
								},
								"key": "minecraft:pick_collision",
								"children": [
									{
										"open": {
											"origin": [
												-8,
												0,
												-8
											],
											"size": [
												16,
												16,
												16
											]
										},
										"key": "origin",
										"is_minified": true,
										"children": [
											-8,
											0,
											-8
										]
									},
									{
										"open": {
											"origin": [
												-8,
												0,
												-8
											],
											"size": [
												16,
												16,
												16
											]
										},
										"key": "size",
										"is_minified": true,
										"children": [
											16,
											16,
											16
										]
									}
								]
							},
							{
								"data": "0.8",
								"key": "minecraft:block_light_emission"
							},
							{
								"open": {
									"minecraft:destroy_time": 4,
									"minecraft:explosion_resistance": 0.7,
									"minecraft:map_color": "#9BA4AC",
									"minecraft:entity_collision": {
										"origin": [
											-8,
											0,
											-8
										],
										"size": [
											16,
											16,
											16
										]
									},
									"minecraft:pick_collision": {
										"origin": [
											-8,
											0,
											-8
										],
										"size": [
											16,
											16,
											16
										]
									},
									"minecraft:block_light_emission": 0.8,
									"minecraft:material_instances": {
										"*": {
											"texture": "custom",
											"render_method": "opaque"
										}
									},
									"minecraft:geometry": "geometry.custom",
									"bridge:rotate_y_on_place": {
										"flip": true
									}
								},
								"key": "minecraft:material_instances",
								"children": [
									{
										"open": {
											"*": {
												"texture": "custom",
												"render_method": "opaque"
											}
										},
										"key": "*",
										"is_minified": true,
										"children": {
											"texture": "custom",
											"render_method": "opaque"
										}
									}
								]
							},
							{
								"open": {
									"minecraft:destroy_time": 4,
									"minecraft:explosion_resistance": 0.7,
									"minecraft:map_color": "#9BA4AC",
									"minecraft:entity_collision": {
										"origin": [
											-8,
											0,
											-8
										],
										"size": [
											16,
											16,
											16
										]
									},
									"minecraft:pick_collision": {
										"origin": [
											-8,
											0,
											-8
										],
										"size": [
											16,
											16,
											16
										]
									},
									"minecraft:block_light_emission": 0.8,
									"minecraft:material_instances": {
										"*": {
											"texture": "custom",
											"render_method": "opaque"
										}
									},
									"minecraft:geometry": "geometry.custom",
									"bridge:rotate_y_on_place": {
										"flip": true
									}
								},
								"data": "geometry.custom",
								"key": "minecraft:geometry"
							},
							{
								"open": {
									"minecraft:destroy_time": 4,
									"minecraft:explosion_resistance": 0.7,
									"minecraft:map_color": "#9BA4AC",
									"minecraft:entity_collision": {
										"origin": [
											-8,
											0,
											-8
										],
										"size": [
											16,
											16,
											16
										]
									},
									"minecraft:pick_collision": {
										"origin": [
											-8,
											0,
											-8
										],
										"size": [
											16,
											16,
											16
										]
									},
									"minecraft:block_light_emission": 0.8,
									"minecraft:material_instances": {
										"*": {
											"texture": "custom",
											"render_method": "opaque"
										}
									},
									"minecraft:geometry": "geometry.custom",
									"bridge:rotate_y_on_place": {
										"flip": true
									}
								},
								"key": "bridge:rotate_y_on_place",
								"is_minified": true,
								"children": {
									"flip": true
								}
							}
						]
					}
				]
			}
		]
	}
}